id,tweet_url,created_at,parsed_created_at,user_screen_name,text,tweet_type,coordinates,hashtags,media,urls,favorite_count,in_reply_to_screen_name,in_reply_to_status_id,in_reply_to_user_id,lang,place,possibly_sensitive,retweet_count,retweet_or_quote_id,retweet_or_quote_screen_name,retweet_or_quote_user_id,source,user_id,user_created_at,user_default_profile_image,user_description,user_favourites_count,user_followers_count,user_friends_count,user_listed_count,user_location,user_name,user_statuses_count,user_time_zone,user_urls,user_verified
1103578201647927296,https://twitter.com/petesherlock79/status/1103578201647927296,Thu Mar 07 08:48:41 +0000 2019,2019-03-07 08:48:41+00:00,petesherlock79,I hope the Californian coast is working out for everybody at #NICAR19 ü§® https://t.co/KXuFC3Qdg1,original,,NICAR19,https://pbs.twimg.com/media/D1Cyg8_WoAAfeqc.jpg,,0,,,,en,,False,0,,,,"<a href=""http://twitter.com"" rel=""nofollow"">Twitter Web Client</a>",3427975797,Mon Aug 17 12:53:55 +0000 2015,False,"Assistant Editor of BBC Shared Data Unit, an innovative industry partnership.  Adopted Brummie. Among @NCTJ_news Most Respected Journalists 2018. @BBCNews #ddj",1495,831,1287,25,"Birmingham, England",Pete Sherlock,1357,,https://www.bbc.co.uk/lnp/sdu,False
1103571862280261632,https://twitter.com/hrvenkatesh/status/1103571862280261632,Thu Mar 07 08:23:29 +0000 2019,2019-03-07 08:23:29+00:00,hrvenkatesh,RT @pamaples: So cool: Stanford CS prof/Open Policing Project cofounder @5harad laying the groundwork for diving into the data. #NICAR19. h‚Ä¶,retweet,,NICAR19,,,0,,,,en,,,3,1103416931791527936,pamaples,106410773,"<a href=""http://twitter.com/download/iphone"" rel=""nofollow"">Twitter for iPhone</a>",16141134,Fri Sep 05 06:14:38 +0000 2008,False,Fellow @JSKstanford | Building @ektanewsco | @NetaData @hackshackersIN Alum @ICFJKnight @tkcuny @thequint @change @cnnnews18 @UniOfOxford,790,3377,1838,114,"Stanford, Delhi, NYC, Oxford",H R Venkatesh,6322,,,True
1103565057055707136,https://twitter.com/araneida/status/1103565057055707136,Thu Mar 07 07:56:27 +0000 2019,2019-03-07 07:56:27+00:00,araneida,"Wish I could be at #NICAR19. Have fun, you guys! Hopefully see you at #NICAR20.",original,,NICAR19 NICAR20,,,1,,,,en,,,0,,,,"<a href=""https://about.twitter.com/products/tweetdeck"" rel=""nofollow"">TweetDeck</a>",39293,Sun Dec 03 20:39:27 +0000 2006,False,"Reporter & data journalist at @dagenssamhalle, geek girl, Swede. Interested in the future of journalism.",703,1701,2178,124,"Stockholm, Sweden",Lotta Holmstr√∂m,3375,,http://lottaholmstrom.se,False
1103560450401136640,https://twitter.com/TheBAsnyder/status/1103560450401136640,Thu Mar 07 07:38:09 +0000 2019,2019-03-07 07:38:09+00:00,TheBAsnyder,"Checking in late in Newport Beach, I‚Äôm regretting that we didn‚Äôt plan any #NICAR19 events poolside by the hammock üßê #Fail https://t.co/ZwUb6KauLN",original,,NICAR19 Fail,https://pbs.twimg.com/media/D1CiYPaUwAAdbpb.jpg,,4,,,,en,,False,0,,,,"<a href=""http://twitter.com/download/iphone"" rel=""nofollow"">Twitter for iPhone</a>",179324508,Tue Aug 17 01:20:13 +0000 2010,False,"Entrepreneur, Founder @VGMarketingPR; changing the PR industry 4 the love of journalism. Writing 4 @NAHJ. Profesh GIF chooser. https://t.co/RObhm3ZMJk co-founder",17404,3017,5002,220,At the corner of Communications + Diversity,BA Snyder,28322,,http://www.NAHJ.org,False
1103556838899908608,https://twitter.com/degarciaknight/status/1103556838899908608,Thu Mar 07 07:23:48 +0000 2019,2019-03-07 07:23:48+00:00,degarciaknight,RT @djordjepadejski: . @BigLocalNews workshop kicks off at #NICAR19!Journalists from local newsrooms around the country are taking a deep d‚Ä¶,retweet,,NICAR19,,,0,,,,en,,,6,1103404522733359104,djordjepadejski,70574113,"<a href=""http://twitter.com"" rel=""nofollow"">Twitter Web Client</a>",55367101,Thu Jul 09 21:24:01 +0000 2009,False,"Director, John S. Knight Journalism Fellowships, Stanford; #innovation #leadership #diversity Past President @womenjournos Former @mercnews @sfchronicle @modbee",5132,3383,1227,176,"Stanford, California",Dawn Garcia,5664,,http://knight.stanford.edu,False
1103555108594343936,https://twitter.com/degarciaknight/status/1103555108594343936,Thu Mar 07 07:16:55 +0000 2019,2019-03-07 07:16:55+00:00,degarciaknight,"Go, @morisy @MuckRock @DocumentCloud and proud of how you're all building AI for the public interest &amp; a stronger media w/ the amazing crew of @JSKstanford's @MarinaWalkerG @djordjepadejski and @corizarek @pilhofer at #NICAR19. Cheering you all on from @Stanford! https://t.co/mcdZn1e7p3",quote,,NICAR19,,https://twitter.com/pamaples/status/1103391614322372614,2,,,,en,,False,0,1103391614322372614,pamaples,106410773,"<a href=""http://twitter.com"" rel=""nofollow"">Twitter Web Client</a>",55367101,Thu Jul 09 21:24:01 +0000 2009,False,"Director, John S. Knight Journalism Fellowships, Stanford; #innovation #leadership #diversity Past President @womenjournos Former @mercnews @sfchronicle @modbee",5132,3383,1227,176,"Stanford, California",Dawn Garcia,5664,,http://knight.stanford.edu,False
1103553591594242049,https://twitter.com/degarciaknight/status/1103553591594242049,Thu Mar 07 07:10:53 +0000 2019,2019-03-07 07:10:53+00:00,degarciaknight,"RT @djordjepadejski: So, @IRE_NICAR I am hosting a panel #NICAR19 on #AIjournalism on Thursday, March 7 at 12pm, w/ some amazing ppl @Marin‚Ä¶",retweet,,NICAR19 AIjournalism,,,0,,,,en,,,3,1103001161949274112,djordjepadejski,70574113,"<a href=""http://twitter.com"" rel=""nofollow"">Twitter Web Client</a>",55367101,Thu Jul 09 21:24:01 +0000 2009,False,"Director, John S. Knight Journalism Fellowships, Stanford; #innovation #leadership #diversity Past President @womenjournos Former @mercnews @sfchronicle @modbee",5132,3383,1227,176,"Stanford, California",Dawn Garcia,5664,,http://knight.stanford.edu,False
1103551929567735808,https://twitter.com/degarciaknight/status/1103551929567735808,Thu Mar 07 07:04:17 +0000 2019,2019-03-07 07:04:17+00:00,degarciaknight,RT @pamaples: Diving into the Stanford Open Policing data w/R. @CompPolicyLab‚Äôs Amy Shoemaker &amp; Daniel Jenson leading an awesome tutorial ‚Äî‚Ä¶,retweet,,,,,0,,,,en,,,2,1103448700502761472,pamaples,106410773,"<a href=""http://twitter.com"" rel=""nofollow"">Twitter Web Client</a>",55367101,Thu Jul 09 21:24:01 +0000 2009,False,"Director, John S. Knight Journalism Fellowships, Stanford; #innovation #leadership #diversity Past President @womenjournos Former @mercnews @sfchronicle @modbee",5132,3383,1227,176,"Stanford, California",Dawn Garcia,5664,,http://knight.stanford.edu,False
1103548464607232000,https://twitter.com/aghaynes/status/1103548464607232000,Thu Mar 07 06:50:31 +0000 2019,2019-03-07 06:50:31+00:00,aghaynes,"RT @abtran: Here‚Äôs a look at the maps we‚Äôll be making in my ‚ÄúMapping with R‚Äù #NICAR19 session on Friday. If you can‚Äôt make it, here‚Äôs the r‚Ä¶",retweet,,NICAR19,,,0,,,,en,,,26,1103463557289730050,abtran,11670602,"<a href=""http://twitter.com"" rel=""nofollow"">Twitter Web Client</a>",525654957,Thu Mar 15 19:04:16 +0000 2012,False,"Statistician working in clinical trials in Switerland, likes wildlife, ale, OFAH and more",60,87,125,3,"Oftringen, Schweiz",Alan Haynes,382,,,False
1103547558272499714,https://twitter.com/sandhya__k/status/1103547558272499714,Thu Mar 07 06:46:55 +0000 2019,2019-03-07 06:46:55+00:00,sandhya__k,"RT @sharon000: Hey #NICAR19: I'm collecting #NICAR2019 links to presentations, tip sheets, tools &amp; work samples (because I don't think @Mac‚Ä¶",retweet,,NICAR19 NICAR2019,,,0,,,,en,,,6,1103491603312852992,sharon000,10915042,"<a href=""http://twitter.com/download/iphone"" rel=""nofollow"">Twitter for iPhone</a>",221255986,Tue Nov 30 04:37:53 +0000 2010,False,"Data reporter @ProPublicaIL. Likes stats, FOIA & ice cream | email: sandhya@propublica.org | DM for Signal #",8930,4686,852,259,"Chicago, IL",Sandhya Kambhampati,8559,,http://www.sandhyakambhampati.com,True
1103546640755904512,https://twitter.com/cynduja/status/1103546640755904512,Thu Mar 07 06:43:16 +0000 2019,2019-03-07 06:43:16+00:00,cynduja,RT @juliachanb: THE BAND‚ÄôS GETTING BACK TOGETHER #nicar19 https://t.co/UdYfyStHoA,retweet,,nicar19,https://pbs.twimg.com/media/D1B-QqvVYAESmsg.jpg,,0,,,,en,,False,1,1103520919291539457,juliachanb,135634594,"<a href=""http://twitter.com/download/iphone"" rel=""nofollow"">Twitter for iPhone</a>",18155359,Tue Dec 16 03:50:48 +0000 2008,False,"Reporter @reveal @CIRonline with focus on academic collaborations, data, SV diversity. Past: @googlenewslab fellow @USCAnnenberg @TNS @Viacom18. Opinions my own",2135,1150,928,54,SF Bay Area,Sinduja Rangarajan,8189,,https://www.revealnews.org/,False
1103543206388523008,https://twitter.com/Mattethedude/status/1103543206388523008,Thu Mar 07 06:29:37 +0000 2019,2019-03-07 06:29:37+00:00,Mattethedude,Nicar2019 #NICAR19 https://t.co/awDlkblrEL,original,,NICAR19,https://pbs.twimg.com/media/D1CSsjTUwAAhbtp.jpg,,0,,,,es,,False,0,,,,"<a href=""http://twitter.com/download/iphone"" rel=""nofollow"">Twitter for iPhone</a>",39080304,Sun May 10 17:27:05 +0000 2009,False,Journalist @DRNyheder. somm@dr.dk. phone: +45 60611192,69,40,333,0,,Mathias Sommer,19,,,False
1103542888749621248,https://twitter.com/measrainsey/status/1103542888749621248,Thu Mar 07 06:28:22 +0000 2019,2019-03-07 06:28:22+00:00,measrainsey,"Excited to be be attending #NICAR19 for the first time! As an environmental engr PhD student with an interest (but knows no one) in data journalism, I expect to be moderately lost and mostly alone. If anyone else attending is willing to put up with me, I would love to link up!",original,,NICAR19,,,3,,,,en,,,0,,,,"<a href=""http://twitter.com/download/iphone"" rel=""nofollow"">Twitter for iPhone</a>",1103528412906311686,Thu Mar 07 05:30:50 +0000 2019,False,"aka meas (rhymes with geese) | environmental engineering phd student @usc | interests include water-energy nexus, data science, and environmental justice",8,2,78,0,,Measrainsey Meng,4,,https://s3research.usc.edu/,False
1103542219586195457,https://twitter.com/fvaraorta/status/1103542219586195457,Thu Mar 07 06:25:42 +0000 2019,2019-03-07 06:25:42+00:00,fvaraorta,RT @cephillips: #NICAR19 Come celebrate NICAR‚Äôs first 10 yrs of history and the Women of CAR Thursday evening in Salon C-D at 7 pm What sta‚Ä¶,retweet,,NICAR19,,,0,,,,en,,,4,1103448472760414208,cephillips,16829823,"<a href=""http://twitter.com"" rel=""nofollow"">Twitter Web Client</a>",27498642,Sun Mar 29 20:38:25 +0000 2009,False,"Training director, @IRE_NICAR
Previously: @Chalkbeat @educationweek @ExpressNews @MyABJ @LABJnews @latimes. üë®üèæ‚Äçüéì: @StMarysU @Mizzou",6120,5207,6834,210,"San Antonio, TX",Francisco Vara-Orta,47237,,http://ire.org,True
1103541380213686273,https://twitter.com/fvaraorta/status/1103541380213686273,Thu Mar 07 06:22:22 +0000 2019,2019-03-07 06:22:22+00:00,fvaraorta,"RT @DougHaddix: Have you downloaded the #NICAR19 mobile app? You‚Äôll be able to build your own schedule, connect with attendees and much mor‚Ä¶",retweet,,NICAR19,,,0,,,,en,,False,1,1103500556428029953,DougHaddix,18215734,"<a href=""http://twitter.com"" rel=""nofollow"">Twitter Web Client</a>",27498642,Sun Mar 29 20:38:25 +0000 2009,False,"Training director, @IRE_NICAR
Previously: @Chalkbeat @educationweek @ExpressNews @MyABJ @LABJnews @latimes. üë®üèæ‚Äçüéì: @StMarysU @Mizzou",6120,5207,6834,210,"San Antonio, TX",Francisco Vara-Orta,47237,,http://ire.org,True
1103540268861513728,https://twitter.com/palewire/status/1103540268861513728,Thu Mar 07 06:17:57 +0000 2019,2019-03-07 06:17:57+00:00,palewire,"Start off #NICAR19 right. 

Strap in at 9am Thursday for our digital archiving panel.

@katy_boss is the brain. She'll explain the strategies for saving news apps.

I'm the bonehead. I'll shout at browser tabs and explain how the hacks at @LATdatadesk archived @thejgold's legacy. https://t.co/1qy6V18zTO",original,,NICAR19,https://pbs.twimg.com/media/D1CPIK7V4AA94bX.jpg,,8,,,,en,,False,0,,,,"<a href=""https://about.twitter.com/products/tweetdeck"" rel=""nofollow"">TweetDeck</a>",14559196,Sun Apr 27 16:10:55 +0000 2008,False,"Editor, @LATdatadesk at @latimes ¬∑ Organizer, https://t.co/lZvqTdDOmO ¬∑ Archivist, https://t.co/CaO6K276g3 ¬∑ Send tips to ben.welsh@latimes.com",7,8597,3042,692,Live and direct,Ben Welsh,53822,,http://palewi.re/who-is-ben-welsh/,True
1103537874220113921,https://twitter.com/akesslerdc/status/1103537874220113921,Thu Mar 07 06:08:26 +0000 2019,2019-03-07 06:08:26+00:00,akesslerdc,"RT @palewire: I love @IRE_NICAR conferences, like the upcoming #NICAR19.

IMHO, the best part are hands-on classes where you dive deep and‚Ä¶",retweet,,NICAR19,,,0,,,,en,,,5,1103409617181204480,palewire,14559196,"<a href=""http://twitter.com/download/iphone"" rel=""nofollow"">Twitter for iPhone</a>",285772181,Thu Apr 21 19:15:21 +0000 2011,False,"Reporter @CNN doing data, politics and investigations. Formerly @nytimes, @HeraldTribune. Knight-Bagehot and @Mizzou alum. Philly and #rstats fan.",5376,1655,2008,153,"Washington, DC",Aaron Kessler,10850,,http://cnn.com,False
1103536997434417153,https://twitter.com/c_mitzel/status/1103536997434417153,Thu Mar 07 06:04:57 +0000 2019,2019-03-07 06:04:57+00:00,c_mitzel,RT @sarhutch: New swag for #NICAR19! Temporary tattoos of a few of our favorite logos. Look for them scattered around tomorrow. They‚Äôre fre‚Ä¶,retweet,,NICAR19,,,0,,,,en,,,5,1103404265567973376,sarhutch,41435223,"<a href=""https://about.twitter.com/products/tweetdeck"" rel=""nofollow"">TweetDeck</a>",796996765,Sat Sep 01 22:25:08 +0000 2012,False,"Editing @CoMissourian + @IRE_NICAR | Prev. @VirginianPilot, @TheManeater | Will write for good mac & cheese",3382,378,492,9,"Columbia, MO",Claire Mitzel,403,,http://clairemitzel.com,False
1103536527424909312,https://twitter.com/lisawaananen/status/1103536527424909312,Thu Mar 07 06:03:05 +0000 2019,2019-03-07 06:03:05+00:00,lisawaananen,"I am not at #NICAR19 üò≠ and my preschoolers are obsessed with temporary tattoos, so if anyone's willing to mail me a couple of these you'll receive some weird and heartfelt monster drawings in return. https://t.co/AUXpHyqaiP",quote,,NICAR19,,https://twitter.com/sarhutch/status/1103404265567973376,1,,,,en,,False,0,1103404265567973376,sarhutch,41435223,"<a href=""http://twitter.com"" rel=""nofollow"">Twitter Web Client</a>",30205873,Fri Apr 10 12:23:18 +0000 2009,False,"Journalist, designer, teaching at @MurrowCollege. Previously with @nytgraphics and Columbia J-School. Here for the end-of-the-year lists and parenting tweets.",676,824,1010,49,,Lisa Waananen Jones,935,,http://lisawaananen.com,False
1103535200573841408,https://twitter.com/bidulomique/status/1103535200573841408,Thu Mar 07 05:57:49 +0000 2019,2019-03-07 05:57:49+00:00,bidulomique,"RT @abtran: Here‚Äôs a look at the maps we‚Äôll be making in my ‚ÄúMapping with R‚Äù #NICAR19 session on Friday. If you can‚Äôt make it, here‚Äôs the r‚Ä¶",retweet,,NICAR19,,,0,,,,en,,,26,1103463557289730050,abtran,11670602,"<a href=""http://twitter.com/download/android"" rel=""nofollow"">Twitter for Android</a>",1012925456717352960,Sat Jun 30 05:07:02 +0000 2018,False,"Genomics, Molecular biology and R",15,43,121,3,"Clermont-Ferrand, France",Jonathan Kitt,175,,https://bidulomique.netlify.com,False
1103534772914216960,https://twitter.com/konkougioumou/status/1103534772914216960,Thu Mar 07 05:56:07 +0000 2019,2019-03-07 05:56:07+00:00,konkougioumou,"RT @abtran: Here‚Äôs a look at the maps we‚Äôll be making in my ‚ÄúMapping with R‚Äù #NICAR19 session on Friday. If you can‚Äôt make it, here‚Äôs the r‚Ä¶",retweet,,NICAR19,,,0,,,,en,,,26,1103463557289730050,abtran,11670602,"<a href=""http://twitter.com/download/iphone"" rel=""nofollow"">Twitter for iPhone</a>",419281436,Wed Nov 23 05:16:05 +0000 2011,False,"Botanist, Biogeographer, Field Ecologist, but above all enthusiastic teacher",867,101,350,5,"Neo Psychiko, Greece",kostas kougioumoutzis,501,,http://www.kkougiou.com,False
1103533758022447105,https://twitter.com/pamaples/status/1103533758022447105,Thu Mar 07 05:52:05 +0000 2019,2019-03-07 05:52:05+00:00,pamaples,RT @SoSaysLucia: Actual footage of me at @BigLocalNews training. #nicar19 https://t.co/fDkF0QQ1aH,retweet,,nicar19,https://pbs.twimg.com/tweet_video_thumb/D1AaW3FVYAAFDv7.jpg,,0,,,,en,,False,5,1103410896846544896,SoSaysLucia,55876525,"<a href=""http://twitter.com"" rel=""nofollow"">Twitter Web Client</a>",106410773,Tue Jan 19 13:33:28 +0000 2010,False,"Managing director, selection & partnerships @jskstanford. Previous: @stltoday|@newsy|@dalllasnews & some other news orgs no longer w/us.",1225,345,332,12,"Palo Alto, CA",Pam Maples,1350,,http://jsk.stanford.edu,False
1103531574937575424,https://twitter.com/Marym_Ryan/status/1103531574937575424,Thu Mar 07 05:43:24 +0000 2019,2019-03-07 05:43:24+00:00,Marym_Ryan,"RT @christinezhang: BTW this is the view from the ‚ÄúEmerald Cove‚Äù conference room at #nicar19, where I‚Äôll be teaching ‚ÄúShare your work: Publ‚Ä¶",retweet,,nicar19,,,0,,,,en,,,1,1103449002647805952,christinezhang,37171680,"<a href=""http://twitter.com/download/android"" rel=""nofollow"">Twitter for Android</a>",1592531000,Sun Jul 14 04:30:41 +0000 2013,False,Teaching & nerding out at #NICAR19 | @UCIrvine statistics PhD student | Journalism and statistics @Mizzou grad | stats n cats n stanning public libraries,2486,232,511,15,"Irvine, CA",Mary Ryan,820,,https://statsncats.wordpress.com/,False
1103530794289643521,https://twitter.com/DougHaddix/status/1103530794289643521,Thu Mar 07 05:40:18 +0000 2019,2019-03-07 05:40:18+00:00,DougHaddix,"RT @palewire: I love @IRE_NICAR conferences, like the upcoming #NICAR19.

IMHO, the best part are hands-on classes where you dive deep and really learn something new.

This year I'm excited to teach one called ""First Graphics App."" 

Seats are still open‚Ä¶ https://t.co/hsM7QntN3Y",original,,NICAR19,https://pbs.twimg.com/media/D1AZJBAUcAEzQGP.jpg,,1,,,,en,,False,0,,,,"<a href=""https://ifttt.com"" rel=""nofollow"">IFTTT</a>",18215734,Thu Dec 18 14:42:49 +0000 2008,False,Executive Director @ire_nicar | reporter & editor for 20+ years | husband of children's & YA novelist @MPHaddix | proud dad of 2 | @Presbyterian elder,1762,2791,438,229,"Columbus, OH",Doug Haddix,5202,,http://www.ire.org,False
1103530791928283137,https://twitter.com/DougHaddix/status/1103530791928283137,Thu Mar 07 05:40:18 +0000 2019,2019-03-07 05:40:18+00:00,DougHaddix,"RT @djordjepadejski: Tip for 1st timers #NICAR19: Every @IRE_NICAR conference I would feel #fomo effect because I couldn‚Äôt get to every session I wanted, until I found @MacDiva‚Äôs blog and realized how open &amp; generous are #NICARians. Here‚Äôs her 2018 editi‚Ä¶ https://t.co/QtM7mmKjC6",original,,NICAR19 fomo NICARians,,http://blog.chryswu.com/2018/01/23/nicar18-slides-links-tutorials/,0,,,,en,,False,0,,,,"<a href=""https://ifttt.com"" rel=""nofollow"">IFTTT</a>",18215734,Thu Dec 18 14:42:49 +0000 2008,False,Executive Director @ire_nicar | reporter & editor for 20+ years | husband of children's & YA novelist @MPHaddix | proud dad of 2 | @Presbyterian elder,1762,2791,438,229,"Columbus, OH",Doug Haddix,5202,,http://www.ire.org,False
1103528981309972481,https://twitter.com/sewellchan/status/1103528981309972481,Thu Mar 07 05:33:06 +0000 2019,2019-03-07 05:33:06+00:00,sewellchan,"RT @palewire: I love @IRE_NICAR conferences, like the upcoming #NICAR19.

IMHO, the best part are hands-on classes where you dive deep and‚Ä¶",retweet,,NICAR19,,,0,,,,en,,,5,1103409617181204480,palewire,14559196,"<a href=""http://twitter.com/download/iphone"" rel=""nofollow"">Twitter for iPhone</a>",1198481,Thu Mar 15 02:38:28 +0000 2007,False,Deputy Managing Editor @latimes; previously @nytimes @washingtonpost; urban explorer; native New Yorker; aspiring Californian; son of immigrants,19158,32903,2866,1067,Los Angeles,Sewell Chan,14368,,http://latimes.com,True
1103528329519525888,https://twitter.com/oalbishri/status/1103528329519525888,Thu Mar 07 05:30:30 +0000 2019,2019-03-07 05:30:30+00:00,oalbishri,RT @macloo: I‚Äôm excited to be giving a talk Thursday at #NICAR2019 #nicar19 titled Python 101: An overview for total beginners https://t.co‚Ä¶,retweet,,NICAR2019 nicar19,,,0,,,,en,,,3,1103387948580401152,macloo,2234881,"<a href=""http://twitter.com/download/iphone"" rel=""nofollow"">Twitter for iPhone</a>",314495826,Fri Jun 10 10:44:55 +0000 2011,False,ŸÖÿ™ÿÆÿµÿµ ŸÅŸä ÿßŸÑÿßÿ™ÿµÿßŸÑ ÿßŸÑÿØŸàŸÑŸä | ŸÖŸáÿ™ŸÖ ÿ® #ÿßŸÑÿØÿ®ŸÑŸàŸÖÿßÿ≥Ÿäÿ©_ÿßŸÑÿπÿßŸÖÿ© | ÿ∑ÿßŸÑÿ® ÿØŸÉÿ™Ÿàÿ±ÿßŸá ŸÅŸä @UFJSchool,439,912,574,6,"Gainesville, FL",ÿ£ÿ≥ÿßŸÖÿ© ÿßŸÑÿ®ÿ¥ÿ±Ÿä | Osama Albishri,1822,,,False
1103528194127220736,https://twitter.com/julianneshapiro/status/1103528194127220736,Thu Mar 07 05:29:58 +0000 2019,2019-03-07 05:29:58+00:00,julianneshapiro,"RT @benlkeith: If you:
- are an @INN member organization
- want to work with @INNnerds
- use @LargoProject or one of the plugins we maintai‚Ä¶",retweet,,,,,0,,,,en,,,2,1103470014194020353,benlkeith,478290290,"<a href=""http://twitter.com/download/android"" rel=""nofollow"">Twitter for Android</a>",37152895,Sat May 02 05:56:58 +0000 2009,False,Director of Communications and Marketing at @inn ‚ú© M.S. in Publishing from @PaceMSinPub ‚ú© Corgi Mom ‚ú© Opinions r my own,395,800,1279,66,"Los Angeles, CA",Jules Shapiro,3147,,,False
1103527253026062336,https://twitter.com/INN/status/1103527253026062336,Thu Mar 07 05:26:14 +0000 2019,2019-03-07 05:26:14+00:00,INN,"RT @benlkeith: If you:
- are an @INN member organization
- want to work with @INNnerds
- use @LargoProject or one of the plugins we maintai‚Ä¶",retweet,,,,,0,,,,en,,,2,1103470014194020353,benlkeith,478290290,"<a href=""http://twitter.com/download/android"" rel=""nofollow"">Twitter for Android</a>",190773853,Tue Sep 14 20:16:03 +0000 2010,False,The Institute for Nonprofit News is a nonpartisan organization advancing sustainability & excellence in nonprofit journalism.,8742,14390,2065,837,,INN,13932,,http://inn.org,True
1103526096660660225,https://twitter.com/elizabeth_joh/status/1103526096660660225,Thu Mar 07 05:21:38 +0000 2019,2019-03-07 05:21:38+00:00,elizabeth_joh,wish I could sit in on this #NICAR19 https://t.co/wxyDxh1I3P,original,,NICAR19,https://pbs.twimg.com/media/D1CDIrDV4AA2PlH.jpg,,4,,,,en,,False,0,,,,"<a href=""http://twitter.com/download/iphone"" rel=""nofollow"">Twitter for iPhone</a>",2294984438,Thu Jan 16 20:32:20 +0000 2014,False,"Law professor @UCDavisLaw & on @TrumpConLaw. Thinking about policing, technology, law, dystopia. RTs aren't endorsements, etc.",4553,10859,1002,453,academic cave,Elizabeth Joh,38727,,https://papers.ssrn.com/sol3/cf_dev/AbsByAuth.cfm?per_id=86638,False
1103524147337023489,https://twitter.com/JuliaJRH/status/1103524147337023489,Thu Mar 07 05:13:53 +0000 2019,2019-03-07 05:13:53+00:00,JuliaJRH,"RT @palewire: Just in time for #NICAR19, I got back my FOIA for @uscensusbureau design rules. 

Every style guide from Census 2000 to 2020‚Ä¶",retweet,,NICAR19,,,0,,,,en,,,12,1103413228548182017,palewire,14559196,"<a href=""http://twitter.com/download/android"" rel=""nofollow"">Twitter for Android</a>",54567377,Tue Jul 07 14:48:37 +0000 2009,False,Engagement consultant team lead @wearehearken. Fan of newsrooms + data. Pet: #PicaTheCat. Married to @myersjustinc. #GoPackGo,19978,2594,2070,212,"Chicago, IL",Julia Haslanger,28705,,https://medium.com/social-journalism-101,False
1103523914515329024,https://twitter.com/AmandaJamesNYC/status/1103523914515329024,Thu Mar 07 05:12:58 +0000 2019,2019-03-07 05:12:58+00:00,AmandaJamesNYC,"RT @HBCompass: If you're new to #NICAR19 and feel new to coding, tech, specific tools, processes or workflows...the next few days might see‚Ä¶",retweet,,NICAR19,,,0,,,,en,,,4,1103499641192996864,HBCompass,111183422,"<a href=""https://mobile.twitter.com"" rel=""nofollow"">Twitter Web App</a>",885142352096088065,Wed Jul 12 14:22:36 +0000 2017,False,"Data Journalist @Law360 | Bylines: @NewsObserver, @CPublicPress @CNN by way of @ColumbiaJourn and @BU_Tweets",594,288,860,6,"Brooklyn, NY",Amanda James,553,,http://amandalynnjames.com,False
1103523772148023296,https://twitter.com/AmandaJamesNYC/status/1103523772148023296,Thu Mar 07 05:12:24 +0000 2019,2019-03-07 05:12:24+00:00,AmandaJamesNYC,RT @djordjepadejski: Tip for 1st timers #NICAR19: Every @IRE_NICAR conference I would feel #fomo effect because I couldn‚Äôt get to every ses‚Ä¶,retweet,,NICAR19 fomo,,,0,,,,en,,False,5,1103413492457996288,djordjepadejski,70574113,"<a href=""https://mobile.twitter.com"" rel=""nofollow"">Twitter Web App</a>",885142352096088065,Wed Jul 12 14:22:36 +0000 2017,False,"Data Journalist @Law360 | Bylines: @NewsObserver, @CPublicPress @CNN by way of @ColumbiaJourn and @BU_Tweets",594,288,860,6,"Brooklyn, NY",Amanda James,553,,http://amandalynnjames.com,False
1103523689755303936,https://twitter.com/andrewvandam/status/1103523689755303936,Thu Mar 07 05:12:04 +0000 2019,2019-03-07 05:12:04+00:00,andrewvandam,"RT @palewire: Just in time for #NICAR19, I got back my FOIA for @uscensusbureau design rules. 

Every style guide from Census 2000 to 2020‚Ä¶",retweet,,NICAR19,,,0,,,,en,,,12,1103413228548182017,palewire,14559196,"<a href=""http://twitter.com/download/android"" rel=""nofollow"">Twitter for Android</a>",20292059,Sat Feb 07 03:30:30 +0000 2009,False,"I visualize/write about econ data  @washingtonpost. Previously, I did a similar thing @WSJ. Also, I'm from Idaho.",27420,2525,1260,148,DC,Andrew Van Dam,1886,,,True
1103522976438181888,https://twitter.com/ahofschneider/status/1103522976438181888,Thu Mar 07 05:09:14 +0000 2019,2019-03-07 05:09:14+00:00,ahofschneider,RT @djordjepadejski: Tip for 1st timers #NICAR19: Every @IRE_NICAR conference I would feel #fomo effect because I couldn‚Äôt get to every ses‚Ä¶,retweet,,NICAR19 fomo,,,0,,,,en,,False,5,1103413492457996288,djordjepadejski,70574113,"<a href=""http://twitter.com"" rel=""nofollow"">Twitter Web Client</a>",19480493,Sun Jan 25 06:54:47 +0000 2009,False,"Journalist @CivilBeat covering social issues: anita@civilbeat.org former @AP reporter @WSJ intern @Harvard alum taotao Saipan, CNMI üá≤üáµ  RTs ‚â† endorsements.",3424,4131,7006,211,"Honolulu, HI",Anita Hofschneider,9953,,http://www.civilbeat.org/,True
1103522877620445184,https://twitter.com/cfarivar/status/1103522877620445184,Thu Mar 07 05:08:51 +0000 2019,2019-03-07 05:08:51+00:00,cfarivar,RT @djordjepadejski: Tip for 1st timers #NICAR19: Every @IRE_NICAR conference I would feel #fomo effect because I couldn‚Äôt get to every ses‚Ä¶,retweet,,NICAR19 fomo,,,0,,,,en,,False,5,1103413492457996288,djordjepadejski,70574113,"<a href=""https://about.twitter.com/products/tweetdeck"" rel=""nofollow"">TweetDeck</a>",709313,Fri Jan 26 16:38:14 +0000 2007,False,"""suh-ROOS"" / Investigative Tech Reporter, @nbcnews / ex-@arstechnica / cyrus.farivar@nbcuni.com / +1-646-872-5369 (Signal/WhatsApp) / Author, HABEAS DATA (2018)",13712,22451,23791,1290,"Oakland, CA",Cyrus Farivar,112621,,http://cfarivar.org,True
1103522708254470145,https://twitter.com/toholdaquill/status/1103522708254470145,Thu Mar 07 05:08:10 +0000 2019,2019-03-07 05:08:10+00:00,toholdaquill,Sad to miss #NICAR19 this year. Such a better conference than #RSAC.,original,,NICAR19 RSAC,,,3,,,,en,,,0,,,,"<a href=""http://twitter.com/download/iphone"" rel=""nofollow"">Twitter for iPhone</a>",2257704889,Sun Dec 22 13:07:34 +0000 2013,False,cybersecurity && national security reporter @CSOonline. Lonely Planet Colombia. Masters in Cybersecurity ‚Äò19 @BerkeleyiSchool. Views my own. Assume breach.,3950,2165,1996,191,Hell‚Äôs Kitchen,J.M. Porup @ RSA,181,,http://JMPorup.com,False
1103522703141593088,https://twitter.com/AmandaJamesNYC/status/1103522703141593088,Thu Mar 07 05:08:09 +0000 2019,2019-03-07 05:08:09+00:00,AmandaJamesNYC,arrived at #NICAR19 by Tesla ama #UbersofOrangeCounty,original,,NICAR19 UbersofOrangeCounty,,,1,,,,en,,,0,,,,"<a href=""https://mobile.twitter.com"" rel=""nofollow"">Twitter Web App</a>",885142352096088065,Wed Jul 12 14:22:36 +0000 2017,False,"Data Journalist @Law360 | Bylines: @NewsObserver, @CPublicPress @CNN by way of @ColumbiaJourn and @BU_Tweets",594,288,860,6,"Brooklyn, NY",Amanda James,553,,http://amandalynnjames.com,False
1103522654407938048,https://twitter.com/scottpham/status/1103522654407938048,Thu Mar 07 05:07:57 +0000 2019,2019-03-07 05:07:57+00:00,scottpham,Allllmost officially at #NICAR19! This year I‚Äôm talking about how to teach yourself how to code (Thur) and if you‚Äôre staying through Sunday I‚Äôll walk you through a cool workflow I use to publish maps with nothing but Python https://t.co/YYEQeRBH4b,original,,NICAR19,https://pbs.twimg.com/media/D1CAAPwVYAI29Oc.jpg https://pbs.twimg.com/media/D1CAAPvUYAA9QWD.jpg,,1,,,,en,,False,0,,,,"<a href=""http://twitter.com/download/iphone"" rel=""nofollow"">Twitter for iPhone</a>",17158618,Tue Nov 04 15:38:02 +0000 2008,False,Data reporter. Podcast enthusiast. Formerly: Investigations at @reveal. Currently: Investigations at @BuzzFeedNews,2425,1218,1480,103,"New York, NY",Scott Pham,4626,,http://scottpham.com,False
1103521879892013056,https://twitter.com/vnessamartinez/status/1103521879892013056,Thu Mar 07 05:04:53 +0000 2019,2019-03-07 05:04:53+00:00,vnessamartinez,"RT @palewire: I love @IRE_NICAR conferences, like the upcoming #NICAR19.

IMHO, the best part are hands-on classes where you dive deep and‚Ä¶",retweet,,NICAR19,,,0,,,,en,,,5,1103409617181204480,palewire,14559196,"<a href=""http://twitter.com/download/iphone"" rel=""nofollow"">Twitter for iPhone</a>",379569387,Sun Sep 25 05:37:54 +0000 2011,False,"Digital Editor @latimes ü¶Öüóû | Previously: @seattletimes, @SoCalNewsGroup | @csuf and @nyt_institute alumna | @CCNMA board member",6026,1284,3230,62,"Los Angeles, CA",Vanessa Mart√≠nez,4540,,http://vanessa-martinez.com,False
1103521734928396289,https://twitter.com/cfarivar/status/1103521734928396289,Thu Mar 07 05:04:18 +0000 2019,2019-03-07 05:04:18+00:00,cfarivar,"Hi #NICAR19 : if anyone is landing at SNA tomorrow around 8am, and wants to split a Lyft, holler. DMs open, Signal in profile.",original,,NICAR19,,,0,,,,en,,,0,,,,"<a href=""https://about.twitter.com/products/tweetdeck"" rel=""nofollow"">TweetDeck</a>",709313,Fri Jan 26 16:38:14 +0000 2007,False,"""suh-ROOS"" / Investigative Tech Reporter, @nbcnews / ex-@arstechnica / cyrus.farivar@nbcuni.com / +1-646-872-5369 (Signal/WhatsApp) / Author, HABEAS DATA (2018)",13712,22451,23791,1290,"Oakland, CA",Cyrus Farivar,112621,,http://cfarivar.org,True
1103521148111708162,https://twitter.com/anmccartney/status/1103521148111708162,Thu Mar 07 05:01:58 +0000 2019,2019-03-07 05:01:58+00:00,anmccartney,Hiiiiiii #NICAR19 https://t.co/RspzUvSWK1,quote,,NICAR19,,https://twitter.com/juliachanb/status/1103520919291539457,3,,,,und,,False,0,1103520919291539457,juliachanb,135634594,"<a href=""http://twitter.com/download/iphone"" rel=""nofollow"">Twitter for iPhone</a>",312006319,Mon Jun 06 12:45:15 +0000 2011,False,"Amateur shapeshifter. Ethical Slytherin. Graphics at @BBGVisualData. Formerly @propublica, @reveal, @browninstitute, @newshour.",17625,1634,1299,89,"Brooklyn, NY",Allison McCartney,6917,,http://lady.graphics,True
1103521146840920065,https://twitter.com/Danict89/status/1103521146840920065,Thu Mar 07 05:01:58 +0000 2019,2019-03-07 05:01:58+00:00,Danict89,"RT @anlugonz: Heading to #NICAR19 how exciting! Come and say hi üôãüèª‚Äç‚ôÄÔ∏è and if you have no plans for Sunday 10am, @giannagruen @haddadme and‚Ä¶",retweet,,NICAR19,,,0,,,,en,,,5,1103408666730872836,anlugonz,13844282,"<a href=""http://twitter.com/download/iphone"" rel=""nofollow"">Twitter for iPhone</a>",250134112,Thu Feb 10 13:59:26 +0000 2011,False,@BBCnews + @BBCbusiness Data Journalist | Meet me at #NICAR19! üíª | #DDJ & #dataviz & #CAR + #Rstats/#FOI/#Maps/#GisTribe. Alumn @CityJournalism,12,2477,953,230,London,Daniele Palumbo,18214,,http://bit.ly/dpalumbo,True
1103520919291539457,https://twitter.com/juliachanb/status/1103520919291539457,Thu Mar 07 05:01:04 +0000 2019,2019-03-07 05:01:04+00:00,juliachanb,THE BAND‚ÄôS GETTING BACK TOGETHER #nicar19 https://t.co/UdYfyStHoA,original,,nicar19,https://pbs.twimg.com/media/D1B-QqvVYAESmsg.jpg,,12,,,,en,,False,1,,,,"<a href=""http://twitter.com/download/iphone"" rel=""nofollow"">Twitter for iPhone</a>",135634594,Wed Apr 21 21:36:36 +0000 2010,False,Director of Audience @MotherJones ‚Ä£ Managing Producer @MoJoPodcast ‚Ä£ Board member @AAJA ‚Ä£ Former Digital Editor @reveal @cironline ‚Ä£ 4evr #digitalwomenleaders,19197,5068,2174,292,San Francisco,Julia B. Chan,18100,,http://www.motherjones.com/,True
1103520470719029249,https://twitter.com/cfarivar/status/1103520470719029249,Thu Mar 07 04:59:17 +0000 2019,2019-03-07 04:59:17+00:00,cfarivar,RT @morisy: Just got to #NICAR19. So excited by the mix of great sessions &amp; amazing work put in by @IRE_NICAR team. Join our session tomorr‚Ä¶,retweet,,NICAR19,,,0,,,,en,,,3,1103487590064259072,morisy,6181532,"<a href=""https://about.twitter.com/products/tweetdeck"" rel=""nofollow"">TweetDeck</a>",709313,Fri Jan 26 16:38:14 +0000 2007,False,"""suh-ROOS"" / Investigative Tech Reporter, @nbcnews / ex-@arstechnica / cyrus.farivar@nbcuni.com / +1-646-872-5369 (Signal/WhatsApp) / Author, HABEAS DATA (2018)",13712,22451,23791,1290,"Oakland, CA",Cyrus Farivar,112621,,http://cfarivar.org,True
1103520290917670913,https://twitter.com/cfarivar/status/1103520290917670913,Thu Mar 07 04:58:34 +0000 2019,2019-03-07 04:58:34+00:00,cfarivar,"RT @HBCompass: If you're new to #NICAR19 and feel new to coding, tech, specific tools, processes or workflows...the next few days might see‚Ä¶",retweet,,NICAR19,,,0,,,,en,,,4,1103499641192996864,HBCompass,111183422,"<a href=""https://about.twitter.com/products/tweetdeck"" rel=""nofollow"">TweetDeck</a>",709313,Fri Jan 26 16:38:14 +0000 2007,False,"""suh-ROOS"" / Investigative Tech Reporter, @nbcnews / ex-@arstechnica / cyrus.farivar@nbcuni.com / +1-646-872-5369 (Signal/WhatsApp) / Author, HABEAS DATA (2018)",13712,22451,23791,1290,"Oakland, CA",Cyrus Farivar,112621,,http://cfarivar.org,True
1103520205873938432,https://twitter.com/cfarivar/status/1103520205873938432,Thu Mar 07 04:58:14 +0000 2019,2019-03-07 04:58:14+00:00,cfarivar,"RT @iff_or: I just wrote a *very* quick post about how to have a great #NICAR19, for folks new to conference-going! Feel free to make your‚Ä¶",retweet,,NICAR19,,,0,,,,en,,,30,1102986999261061120,iff_or,766863587088273408,"<a href=""https://about.twitter.com/products/tweetdeck"" rel=""nofollow"">TweetDeck</a>",709313,Fri Jan 26 16:38:14 +0000 2007,False,"""suh-ROOS"" / Investigative Tech Reporter, @nbcnews / ex-@arstechnica / cyrus.farivar@nbcuni.com / +1-646-872-5369 (Signal/WhatsApp) / Author, HABEAS DATA (2018)",13712,22451,23791,1290,"Oakland, CA",Cyrus Farivar,112621,,http://cfarivar.org,True
1103519959626375170,https://twitter.com/pamaples/status/1103519959626375170,Thu Mar 07 04:57:15 +0000 2019,2019-03-07 04:57:15+00:00,pamaples,RT @lamthuyvo: Hey hey #NICAR19! Our Journalists of Color Slack and @opennews are partnering up to bring you a joyful meetup on Thursday. D‚Ä¶,retweet,,NICAR19,,,0,,,,en,,,6,1103428047754219521,lamthuyvo,42209362,"<a href=""http://twitter.com"" rel=""nofollow"">Twitter Web Client</a>",106410773,Tue Jan 19 13:33:28 +0000 2010,False,"Managing director, selection & partnerships @jskstanford. Previous: @stltoday|@newsy|@dalllasnews & some other news orgs no longer w/us.",1225,345,332,12,"Palo Alto, CA",Pam Maples,1350,,http://jsk.stanford.edu,False
1103519355822837761,https://twitter.com/TessKolp/status/1103519355822837761,Thu Mar 07 04:54:51 +0000 2019,2019-03-07 04:54:51+00:00,TessKolp,RT @jenmacramos: got my badge and everything for #NICAR19 but I had to do one thing first https://t.co/Unli5fcPGp,retweet,,NICAR19,https://pbs.twimg.com/media/D1B762GU4AEuIpQ.jpg,,0,,,,en,,False,1,1103518175478480896,jenmacramos,114864326,"<a href=""http://twitter.com/download/android"" rel=""nofollow"">Twitter for Android</a>",343219078,Wed Jul 27 07:04:41 +0000 2011,False,"Former @statcast intern, current @tigers intern, opinions are my own üè≥Ô∏è‚Äçüåà",109091,1337,872,23,,Tess Kolp,35713,,,False
1103518244118253568,https://twitter.com/JordanOnRecord/status/1103518244118253568,Thu Mar 07 04:50:26 +0000 2019,2019-03-07 04:50:26+00:00,JordanOnRecord,"After 11ish hours of travel, I have earned this. #NICAR19 https://t.co/cKdpgLTWIF",original,,NICAR19,https://pbs.twimg.com/media/D1B7_P-V4AAHdot.jpg,,1,,,,en,,False,0,,,,"<a href=""http://twitter.com/download/android"" rel=""nofollow"">Twitter for Android</a>",3068764060,Tue Mar 03 22:36:40 +0000 2015,False,Digital investigative reporter at @WUSA9. Data. GIS. DC via Indianapolis. American Ninja Warrior. Send news tips to jfischer@wusa9.com.,1818,1435,500,71,"Washington, DC",Jordan Fischer,11454,,http://wusa9.com,False
1103518175478480896,https://twitter.com/jenmacramos/status/1103518175478480896,Thu Mar 07 04:50:10 +0000 2019,2019-03-07 04:50:10+00:00,jenmacramos,got my badge and everything for #NICAR19 but I had to do one thing first https://t.co/Unli5fcPGp,original,,NICAR19,https://pbs.twimg.com/media/D1B762GU4AEuIpQ.jpg,,6,,,,en,,False,1,,,,"<a href=""http://twitter.com/download/android"" rel=""nofollow"">Twitter for Android</a>",114864326,Tue Feb 16 21:18:51 +0000 2010,False,queer indigenous üáµüá≠ enby; nonprofit program coordinator / @baseballpro r&d dev; @thecampanil / @MillsCollege / @USC alumna; opinions mine. ‚ö†Ô∏èthey/them/dude‚ö†Ô∏è,16768,3438,1384,128,Occupied Yokut Land,Jen Mac Ace Neptune Ramos (they/dude) üáµüá≠,74533,,http://ko-fi.com/jenmacramos,True
1103517155432181760,https://twitter.com/pamaples/status/1103517155432181760,Thu Mar 07 04:46:06 +0000 2019,2019-03-07 04:46:06+00:00,pamaples,RT @morisy: Just got to #NICAR19. So excited by the mix of great sessions &amp; amazing work put in by @IRE_NICAR team. Join our session tomorr‚Ä¶,retweet,,NICAR19,,,0,,,,en,,,3,1103487590064259072,morisy,6181532,"<a href=""http://twitter.com"" rel=""nofollow"">Twitter Web Client</a>",106410773,Tue Jan 19 13:33:28 +0000 2010,False,"Managing director, selection & partnerships @jskstanford. Previous: @stltoday|@newsy|@dalllasnews & some other news orgs no longer w/us.",1225,345,332,12,"Palo Alto, CA",Pam Maples,1350,,http://jsk.stanford.edu,False
1103517031234789376,https://twitter.com/IRE_NICAR/status/1103517031234789376,Thu Mar 07 04:45:37 +0000 2019,2019-03-07 04:45:37+00:00,IRE_NICAR,"RT @palewire: I love @IRE_NICAR conferences, like the upcoming #NICAR19.

IMHO, the best part are hands-on classes where you dive deep and‚Ä¶",retweet,,NICAR19,,,0,,,,en,,,5,1103409617181204480,palewire,14559196,"<a href=""http://twitter.com"" rel=""nofollow"">Twitter Web Client</a>",12655722,Thu Jan 24 20:31:29 +0000 2008,False,Investigative Reporters and Editors is a nonprofit organization dedicated to improving the quality of investigative reporting.,1150,29296,662,1503,Missouri School of Journalism,IRE and NICAR,6656,,http://www.ire.org,False
1103516973319757826,https://twitter.com/IRE_NICAR/status/1103516973319757826,Thu Mar 07 04:45:23 +0000 2019,2019-03-07 04:45:23+00:00,IRE_NICAR,RT @djordjepadejski: Tip for 1st timers #NICAR19: Every @IRE_NICAR conference I would feel #fomo effect because I couldn‚Äôt get to every ses‚Ä¶,retweet,,NICAR19 fomo,,,0,,,,en,,False,5,1103413492457996288,djordjepadejski,70574113,"<a href=""http://twitter.com"" rel=""nofollow"">Twitter Web Client</a>",12655722,Thu Jan 24 20:31:29 +0000 2008,False,Investigative Reporters and Editors is a nonprofit organization dedicated to improving the quality of investigative reporting.,1150,29296,662,1503,Missouri School of Journalism,IRE and NICAR,6656,,http://www.ire.org,False
1103516532632506368,https://twitter.com/FioreFloresC/status/1103516532632506368,Thu Mar 07 04:43:38 +0000 2019,2019-03-07 04:43:38+00:00,FioreFloresC,"RT @abtran: Here‚Äôs a look at the maps we‚Äôll be making in my ‚ÄúMapping with R‚Äù #NICAR19 session on Friday. If you can‚Äôt make it, here‚Äôs the r‚Ä¶",retweet,,NICAR19,,,0,,,,en,,,26,1103463557289730050,abtran,11670602,"<a href=""http://twitter.com"" rel=""nofollow"">Twitter Web Client</a>",1566929401,Wed Jul 03 23:33:47 +0000 2013,False,Statistician. #rcatladies #rstats #rstatsES. Statistical Ecology enthusiast üê¶üêßüêÖ. Adicta al sosiego.,5386,334,786,166,"Lima, Peru",Fiorella Flores,25293,,,False
1103516043190759429,https://twitter.com/kavyaSukumar/status/1103516043190759429,Thu Mar 07 04:41:41 +0000 2019,2019-03-07 04:41:41+00:00,kavyaSukumar,"RT @HBCompass: If you're new to #NICAR19 and feel new to coding, tech, specific tools, processes or workflows...the next few days might see‚Ä¶",retweet,,NICAR19,,,0,,,,en,,,4,1103499641192996864,HBCompass,111183422,"<a href=""http://twitter.com/download/android"" rel=""nofollow"">Twitter for Android</a>",62733964,Tue Aug 04 06:00:49 +0000 2009,False,Immigrant | Award-losing developer with a journalism habit | Currently nerding @wearehearken,5533,3375,1816,168,"Seattle, WA",Kavya Sukumar,5433,,http://kavyasukumar.com,True
1103512712863248384,https://twitter.com/CodyLillich/status/1103512712863248384,Thu Mar 07 04:28:27 +0000 2019,2019-03-07 04:28:27+00:00,CodyLillich,Any other #NICAR19 attendees on this @United flight delay saga from IAH-SNA?,original,,NICAR19,,,0,,,,en,,,1,,,,"<a href=""http://twitter.com/download/iphone"" rel=""nofollow"">Twitter for iPhone</a>",15973721,Sun Aug 24 22:46:50 +0000 2008,False,"Investigative Producer, @FOX8NOLA ‚Ä¢ Texas A&M ('10) ‚Ä¢ Retweets/Links are not endorsements. ‚Ä¢ Tips? ‚úâÔ∏è clillich@fox8live.com ‚Ä¢ üìû (504) 483-1527",5885,2266,2359,116,"New Orleans, LA",Cody Lillich,39391,,http://FOX8Live.com,True
1103511035955167232,https://twitter.com/znmeb/status/1103511035955167232,Thu Mar 07 04:21:47 +0000 2019,2019-03-07 04:21:47+00:00,znmeb,RT @yoohyun_jung: to all my friends at #NICAR19: check this out! i have a severe case of #fomo as I'm missing it again this year. but next‚Ä¶,retweet,,NICAR19 fomo,,,0,,,,en,,,1,1103510913900961792,yoohyun_jung,990271724,"<a href=""https://about.twitter.com/products/tweetdeck"" rel=""nofollow"">TweetDeck</a>",741803,Thu Feb 01 05:03:16 +0000 2007,False,"Zorro Notorious M. E. B. aka Buck Borasky, Frontier Programmer: sit-down comedy, sports analytics, civic hacking, ...",27343,12022,12246,1193,"Portland, OR maybe not",Zorro Notorious M. E. B.,222925,,https://www.znmeb.mobi,False
1103510913900961792,https://twitter.com/yoohyun_jung/status/1103510913900961792,Thu Mar 07 04:21:18 +0000 2019,2019-03-07 04:21:18+00:00,yoohyun_jung,"to all my friends at #NICAR19: check this out! i have a severe case of #fomo as I'm missing it again this year. but next year, i'll be there fo sho! https://t.co/oMYZzyYcGu",quote,,NICAR19 fomo,,https://twitter.com/iff_or/status/1102986999261061120,5,,,,en,,False,1,1102986999261061120,iff_or,766863587088273408,"<a href=""http://twitter.com"" rel=""nofollow"">Twitter Web Client</a>",990271724,Wed Dec 05 05:39:44 +0000 2012,False,"writer @KBSWorldRadio, musician | ex @TucsonStar data geek, @Reveal investigative fellow | retweets and follows are not endorsements",559,1304,1490,71,"Seoul, Republic of Korea",Yoohyun Jung,3976,,http://yoohyunjung.github.io,False
1103508820288929792,https://twitter.com/FioreFloresC/status/1103508820288929792,Thu Mar 07 04:12:59 +0000 2019,2019-03-07 04:12:59+00:00,FioreFloresC,"RT @sharon000: Hey #NICAR19: I'm collecting #NICAR2019 links to presentations, tip sheets, tools &amp; work samples (because I don't think @Mac‚Ä¶",retweet,,NICAR19 NICAR2019,,,0,,,,en,,,6,1103491603312852992,sharon000,10915042,"<a href=""http://twitter.com"" rel=""nofollow"">Twitter Web Client</a>",1566929401,Wed Jul 03 23:33:47 +0000 2013,False,Statistician. #rcatladies #rstats #rstatsES. Statistical Ecology enthusiast üê¶üêßüêÖ. Adicta al sosiego.,5386,334,786,166,"Lima, Peru",Fiorella Flores,25293,,,False
1103508109165821954,https://twitter.com/mitchjaugs/status/1103508109165821954,Thu Mar 07 04:10:10 +0000 2019,2019-03-07 04:10:10+00:00,mitchjaugs,Headed to #NICAR19 early in the a.m. üõ´ So excited to learn about data and other reporting tools. https://t.co/ElJBHMB3G3,quote,,NICAR19,,https://twitter.com/ire_nicar/status/1103437664341147648,1,,,,en,"Georgia, USA",False,0,1103437664341147648,IRE_NICAR,12655722,"<a href=""http://twitter.com/download/iphone"" rel=""nofollow"">Twitter for iPhone</a>",134553470,Sun Apr 18 19:25:20 +0000 2010,False,Editor: @engageccj | 2018 @mercerccj John M. Couric Media Fellow | Bylines: @telegraphga and @30A üë®üèª‚Äçüíªüóû,11239,490,862,1,"Macon, GA",Mitch Jaugstetter,3134,,http://mitchjaugstetter.com,False
1103505663974690817,https://twitter.com/jyuvhao/status/1103505663974690817,Thu Mar 07 04:00:27 +0000 2019,2019-03-07 04:00:27+00:00,jyuvhao,.travdorman and I have been in 3 different time zones today so I have no clue what time it is currently but very excited for #NICAR19 to start tomorrow!2019-03-07T02:49:03.000Z,original,,NICAR19,,,0,,,,en,,,0,,,,"<a href=""http://www.powerapps.com"" rel=""nofollow"">Microsoft PowerApps and Flow</a>",629419572,Sat Jul 07 13:47:23 +0000 2012,False,"( PARODY / 1995ÎÖÑ ) Handsome gucci boy who has a 4D personality, Kim Taehyung (ÍπÄÌÉúÌòï) or known as V (Î∑î). Belongs to BTS, ARMY. cr on pict",1028,3569,61,5,,V.,100344,,,False
1103504974946947073,https://twitter.com/amyjmerrick/status/1103504974946947073,Thu Mar 07 03:57:42 +0000 2019,2019-03-07 03:57:42+00:00,amyjmerrick,"RT @sharon000: Hey #NICAR19: I'm collecting #NICAR2019 links to presentations, tip sheets, tools &amp; work samples (because I don't think @Mac‚Ä¶",retweet,,NICAR19 NICAR2019,,,0,,,,en,,,6,1103491603312852992,sharon000,10915042,"<a href=""http://twitter.com/download/iphone"" rel=""nofollow"">Twitter for iPhone</a>",196669831,Wed Sep 29 17:00:31 +0000 2010,False,"@DePaulJOUR instructor, @14eastmag and @SPJONAdepaul adviser. Work published by @TheAtlantic, @NewYorker, @ChicagoMag, @WSJ and more.",10802,1984,4544,95,"Chicago, IL",Amy Merrick,8730,,,False
1103504317854564352,https://twitter.com/benlkeith/status/1103504317854564352,Thu Mar 07 03:55:06 +0000 2019,2019-03-07 03:55:06+00:00,benlkeith,"RT @HBCompass: If you're new to #NICAR19 and feel new to coding, tech, specific tools, processes or workflows...the next few days might see‚Ä¶",retweet,,NICAR19,,,0,,,,en,,,4,1103499641192996864,HBCompass,111183422,"<a href=""http://twitter.com/download/android"" rel=""nofollow"">Twitter for Android</a>",478290290,Mon Jan 30 03:42:50 +0000 2012,False,Works on WordPress sites/plugins/themes at @INNnerds. Runs @looming_midterm. Favs all the things. he/him.,32241,475,545,42,"Columbus, Ohio",Ben Keith at #NICAR19,15545,,https://benlk.com,False
1103503561072099328,https://twitter.com/JeongPark52/status/1103503561072099328,Thu Mar 07 03:52:05 +0000 2019,2019-03-07 03:52:05+00:00,JeongPark52,"Obliged to mention: I'll be at #NICAR19! Let's hang out if you are around (and, no, I don't have too many good restaurant recs for Newport although I do know good places in Costa Mesa and Santa Ana and what not)",original,,NICAR19,,,5,,,,en,,,0,,,,"<a href=""http://mvilla.it/fenix"" rel=""nofollow"">Fenix 2</a>",2161601605,Mon Oct 28 21:01:33 +0000 2013,False,Local reporter @OCRegister. Former: @jconline / @DailyBruin / @aajavoices / @USAGMgov. jeongpark@scng.com. Always looking for good Asian food.,2306,857,671,54,United States,Jeong Park,2972,,https://www.jeongparkwriter.com,False
1103503047328714753,https://twitter.com/ksophiewill/status/1103503047328714753,Thu Mar 07 03:50:03 +0000 2019,2019-03-07 03:50:03+00:00,ksophiewill,Here we go! üòç‚úàÔ∏è #NICAR19 https://t.co/qHLoolGvmU,original,,NICAR19,https://pbs.twimg.com/ext_tw_video_thumb/1103502723394256898/pu/img/PiOKndce5o7h0wnc.jpg,,2,,,,en,,False,0,,,,"<a href=""http://twitter.com/download/iphone"" rel=""nofollow"">Twitter for iPhone</a>",747648734469722113,Tue Jun 28 04:32:03 +0000 2016,False,(UT to MA & BU 2020) Investigative & Data Reporter| Metro @BostonGlobe|Managing @BUNewsService| Fmr. @deseretindepth @NECIRBU| Notebook hoarder|RT ‚â† endorsement,6011,515,1930,14,"Boston, MA",K. Sophie Will is new at #NICAR19!,2880,,http://ksophiewill.com,False
1103502055522557952,https://twitter.com/matt_kiefer/status/1103502055522557952,Thu Mar 07 03:46:06 +0000 2019,2019-03-07 03:46:06+00:00,matt_kiefer,"RT @sharon000: Hey #NICAR19: I'm collecting #NICAR2019 links to presentations, tip sheets, tools &amp; work samples (because I don't think @Mac‚Ä¶",retweet,,NICAR19 NICAR2019,,,0,,,,en,,,6,1103491603312852992,sharon000,10915042,"<a href=""http://twitter.com/download/android"" rel=""nofollow"">Twitter for Android</a>",17000789,Mon Oct 27 15:51:18 +0000 2008,False,data editor @chicagoreporter,2571,1105,3354,106,Chicago,Matt Kiefer,2218,,,False
